Timestamp,Coin Name,Price,24h Change,Market Cap
6/20/2026 18:42,Bitcoin,"$63,563.73 ",0.21%,$1.27T
6/20/2026 18:42,Ethereum,"$1,725.03 ",0.15%,$208.18B
6/20/2026 18:42,Tether,$1.00 ,0.00%,$186.25B
6/20/2026 18:42,BNB,$586.04 ,0.03%,$78.98B
6/20/2026 18:42,USDC,$1.00 ,0.00%,$74.79B
6/20/2026 18:42,XRP,$1.14 ,0.16%,$71.05B
6/20/2026 18:42,Solana,$71.47 ,0.37%,$41.47B
6/20/2026 18:42,TRON,$0.32 ,0.18%,$30.81B
6/20/2026 18:42,Hyperliquid,$70.75 ,0.42%,$17.92B
6/20/2026 18:42,Dogecoin,$0.08 ,0.08%,$14.27B
